hits,hitObjectColliderName
25381,CollisionObject1
16793,road_base_network.004
10967,Body
10405,CollisionObject0
7145,Wall
4608,terrain_I.001
4117,terrain_H.001
2852,body
2774,Wall_1
2527,TaskBuilding_2
2403,pavement_Ha.002
2228,pileOfClay_LOD0
2189,Fence
2154,TaskBuilding_34
2111,terrain_Q.001
2014,terrain_T.001
1989,terrain_C.001
1957,scaffold_base_02_LOD0
1940,pavement_I.003
1918,Complete_fence.003
1893,TaskBuilding_14
1889,terrain_X.001
1829,Complete_fence.004
1818,terrain_E.001
1792,Building_176
1767,terrain_G.001
1670,TaskBuilding_1
1658,TaskBuilding_46
1640,terrain_A.001
1632,TaskBuilding_44
1621,Building_97
1613,pileOfSand_LOD0
1583,Building_154
1545,cyclone0
1541,terrain_O.001
1520,TaskBuilding_11
1503,TaskBuilding_13
1484,terrain_W.001
1479,Fence_3
1465,Building_98
1446,TaskBuilding_40
1423,Building_236
1415,Fence_1
1337,TaskBuilding_20
1335,Building_139
1332,church
1327,Fence_15
1315,Building_147
1304,Building_142
1296,TaskBuilding_54
1272,Building_145
1258,TaskBuilding_35
1256,TaskBuilding_4
1239,TaskBuilding_19
1229,Building_225
1224,TaskBuilding_31
1212,road_housing_suburb.003
1212,Building_67
1201,Fence_4
1196,TaskBuilding_15
1173,TaskBuilding_32
1144,Building_159
1097,OldCityWall_15
1082,Graffity_02
1080,TaskBuilding_6
1080,Wall_0
1079,Building_200
1069,Fence_31
1066,CollisionObject2
1065,Graffity_46
1057,Building_137
1056,TaskBuilding_39
1056,Bus_stop_v1 (1)
1051,pavement_J.002
1037,Complete_fence.001
1037,terrain_F.001
1036,Building_232
1018,Building_197
1015,Building_229
1011,Complete_fence.002
994,terrain_U_LP.001
990,road.009
978,OldCityWall_1
977,TaskBuilding_23
975,Building_198
973,Building_133
951,Graffity_54
934,pavement_X.002
928,Fence_6
928,Building_83
921,TaskBuilding_9
916,TaskBuilding_26
911,Wall_7
911,TaskBuilding_37
909,SmallWall_21
902,Building_152
895,Building_210
892,terrain_R.001
886,Building_124
883,Building_205
882,Building_141
876,pavement_T.002
873,Building_235
866,pavement_L.002
866,House_10
864,Cypress_v1_2
862,SmallWall_16
854,road_dense_housing.008
853,Building_104
842,Building_194
824,Building_123
821,Building_131
819,W_new_roads.001
818,OldCityWall_7
813,Building_148
812,Building_158
801,terrain_V.001
791,Building_85
790,OldCityWall_3
788,TaskBuilding_51
781,OldCityWall_8
778,Building_132
776,TaskBuilding_33
774,TaskBuilding_41
772,Graffity_32
766,Building_102
760,TaskBuilding_43
759,TaskBuilding_30
752,OldCityWall_6
748,TaskBuilding_12
745,Graffity_20
741,TaskBuilding_24
729,pavement_E.008
727,Building_153
726,Building_75
725,Building_140
724,Building_103
724,OldCityWall_0
719,OldCityWall_19
718,Building_220
710,Moss.003
705,Cypress_v1_2 (1)
701,Building_91
699,TaskBuilding_53
691,Building_113
689,pavement_R.002
689,Basketball_Court -3D
689,Building_150
671,road_base_network.005
670,Wall_2
666,Building_144
663,Building_92
663,Building_90
660,TaskBuilding_5
659,Building_160
659,building01_LOD1
657,TaskBuilding_45
651,TaskBuilding_8
649,Graffity_14
645,Building_94
641,Building_183
640,E_plateau.001
639,Fence_7
639,Building_223
638,TaskBuilding_29
636,TaskBuilding_36
633,Building_199
630,Fence_9
626,Building_64
625,TaskBuilding_28
623,Building_138
621,Building_203
619,Building_195
618,TaskBuilding_25
612,Complete_fence.006
607,pavement_S.002
606,Building_211
604,Building_84
604,terrain_S.001
598,Building_170
597,Fence_0
594,Building_189
592,terrain_L.001
590,TaskBuilding_17
589,Building_178
588,TaskBuilding_50
585,Building_109
585,Cypress_v1_2 (4)
582,TaskBuilding_18
577,Graffity_35
576,SmallWall_7
574,Building_212
571,pavement_C.002
570,pavement_A.002
569,Building_161
566,Building_228
566,Building_233
563,Graffity_24
561,terrain_K.001
558,Building_96
556,pavement_K.002
555,Wall_5
554,Graffity_40
554,TaskBuilding_3
553,Building_136
552,TaskBuilding_27
550,Graffity_13
548,Building_82
538,Graffity_15
536,OldCityWall_11
534,Building_119
534,Fence_22
533,TaskBuilding_22
528,crane_1
526,pavement_O.002
526,Garage_235
516,Building_89
516,TaskBuilding_48
511,Building_226
506,terrain_J.001
505,road.010
505,TaskBuilding_21
504,Graffity_04
503,Building_117
499,Building_135
497,Building_101
497,Building_130
495,road_playground.002
492,Graffity_31
489,Building_110
483,Building_59
483,Building_72
482,Building_86
476,Building_74
473,Fence_18
471,Building_230
471,Building_209
468,pavement_W.002
463,Building_202
463,Building_185
460,Building_162
460,TaskBuilding_7
460,OldCityWall_17
459,TaskBuilding_55
452,Building_171
452,Building_231
447,Building_88
446,pavement_Vb.003
443,Cypress_v1_1
442,OldCityWall_22
441,pavement_Q.002
441,Hedge_7
440,road_green_area.007
435,Wall_8
435,Building_163
429,Building_99
428,pavement_F.004
425,SmallWall_10
424,Building_143
424,Graffity_53
424,Building_120
420,Building_60
417,Graffity_19
417,Building_149
415,Building_71
415,Graffity_39
414,HighSilo-TaskBuilding_49
412,Building_77
410,Wall_10
407,Fence_33
407,Fence_2
405,Building_207
404,SmallWall_46
402,Building_201
398,TaskBuilding_47
394,Building_122
392,Graffity_33
391,Graffity_11
390,Building_70
389,Building_79
386,Hedge
383,Building_187
382,Fence_34
382,OldCityWall_5
382,Building_208
382,Building_87
381,Complete_fence.005
380,Garage_98
380,Building_215
378,Building_146
377,Concrete_fence_v2_lattice_S
374,Building_100
374,Hedge_4
373,Wall_3
372,SmallWall_6
372,Building_166
368,TaskBuilding_42
368,Fence_37
364,Building_108
363,terrain_D.001
361,Building_164
360,Graffity_12
359,OldCityWall_9
356,TaskBuilding_38
352,Building_121
352,OldCityWall_24
352,Building_62
350,Fence_19
349,Building_68
347,building02_LOD0
345,Building_115
338,Building_214
336,Graffity_06
334,TaskBuilding_52
333,Building_128
331,OldCityWall_14
330,Building_204
329,Fence_10
320,Fencing
316,Graffity_41
315,Graffity_37
313,Hedge_15
307,GrayRoom
306,Windmill-TaskBuilding_10_1
304,Building_180
304,Building_106
300,Fence_35
300,Building_78
299,Building_151
299,OldCityWall_16
294,Wall_9
288,Graffity_21
285,Wheel04
284,Building_118
282,pavement_E.014
281,Graffity_08
278,building01_LOD0
276,SmallWall_42
276,Building_213
274,Building_172
274,Cypress_v1_2 (5)
274,OldCityWall_13
271,terrain_Y.001
270,SmallWall_14
266,Graffity_09
266,Maraz_cafe_place.001
264,Building_125
264,Building_126
262,Hedge_2
262,Graffity_43
262,Graffity_29
261,Fence_16
261,Wheel02
258,Fence_12
258,Building_107
258,pavement_Ua1.001
257,moss.001
257,Fence.001
256,pavement_T01.003
254,Building_114
253,Building_222
253,terrain_B.002
253,pavement_Ua6.001
253,Building_234
253,scaffold_topboard_01_LOD0
251,SmallWall_36
250,Graffity_18
250,Building_156
247,Building_167
246,Garage_71
245,Wheel03
245,Graffity_34
241,Concrete_fence_v2_S
241,Wall6
240,Hedge_9
239,Building_112
238,Garage_185
238,Building_227
237,Hedge_0
236,Building_216
236,OldCityWall_18
235,SmallWall_5
234,Building_219
231,pavement_P.002
230,Graffity_17
223,Building_73
222,Building_111
221,Building_192
219,Building_63
219,Fence_20
219,Hedge_6
218,Hedge_14
217,Wheel01
217,Graffity_05
214,Building_165
213,Building_155
212,Graffity_45
211,Graffity_01
210,Building_134
209,OldCityWall_12
205,terrain_P.001
205,pavement_Ua4.001
203,Wall_4
203,Building_157
203,Garage_86
202,Graffity_47
202,SmallWall_30
201,Building_177
199,Building_80
199,Building_174
198,Fence_28
198,Graffity_30
198,Graffity_23
196,SmallWall_26
196,Building_127
195,Graffity_22
195,Fence_24
195,Building_105
195,Hedge_16
195,Cypress_v1_1 (1)
195,Fence_38
194,Cypress_v1_2 (2)
192,Building_184
191,Cargo_container_v1_LD2close
191,road_dense_housing.012
190,SmallWall_22
189,barbwire0
186,Hedge_12
184,pavement_D.002
184,Building_188
183,road_dense_housing.014
182,Trash_v1_1 (1)
182,Cypress_v1_2 (3)
181,Fence_26
181,Building_206
180,SmallWall_0
180,field_E.004
178,road.016
178,Graffity_51
177,Graffity_44
176,Graffity_03
176,Euro_v2_market_v3
174,Graffity_28
173,Building_169
172,Fence_43
172,OldCityWall_21
170,Graffity_25
169,Building_218
169,Building_173
168,SmallWall_8
168,field_E.005
167,pavement_G.005
167,Garage_224
166,SmallWall_44
165,Trash_v1_2
161,Building_175
160,Graffity_55
159,Building_217
157,SmallWall_2
156,road.013
156,House_49
156,Fence_30
156,Building_58
155,pavement_F.005
154,Building_224
153,Garage_46
147,Building_168
144,SmallWall_39
143,Building_116
142,SmallWall_28
142,Building_61
140,pavement_M.002
139,Fence7
138,Concrete_fence_v1_s2 (3)
137,Cliff_5x14_V02_LOD0
136,pavement_E.013
133,pavement_E.011
133,Building_81
131,OldCityWall_4
131,Concrete_fence_v1_s2 (37)
130,Graffity_50
128,Graffity_42
127,Building_93
125,Cypress_v1_1 (2)
125,terrain_N.001
125,Graffity_27
124,Hedge_11
124,Fence_5
122,Garage_26
119,pavement_E.012
119,Bench_v1 (2)
118,Graffity_38
117,road.012
116,Wall0
115,Building_57
114,pavement_N.002
113,OldCityWall_20
113,pavement_B.002
112,Oil_tank_v1
109,Tree_Planters_v1_1HR
109,SmallWall_47
108,Bench_v1 (3)
108,pavement_G.007
107,Graffity_26
107,Fence9
106,Building_196
106,Graffity_36
106,Lamppost_v1 (2)
106,Fence3
105,Graffity_48
104,posts0
103,SmallWall_13
103,Fence_23
103,Lamppost_v1 (50)
102,SmallWall_20
102,SmallWall_37
100,pavement_I.004
99,pavement_Ua3.001
98,Hedge_1
98,road_dense_housing.010
97,pavement_E.010
96,Hedge_3
94,Bench_v1 (1)
93,Fence_25
91,Hedge_5
91,Graffity_52
91,Fence_41
91,V_new_roads.002
91,Lamppost_v1 (7)
90,SmallWall_33
90,Lamppost_v1 (26)
89,pavement_E.009
88,Fence8
88,Lamppost_v1
84,Graffity_07
84,Lamppost_v1 (122)
83,Tree_Planters_v1_3HR
83,Building_76
80,pavement_Ua5.001
80,Bench_v1 (4)
80,SmallWall_11
79,Bench_v1 (5)
78,pavement_Ua7.001
77,Concrete_fence_v2_L
75,Fence_21
75,SmallWall_19
74,Lamppost_v1 (74)
73,terrain_M.001
72,Bench_v1 (7)
72,Building_221
71,Hedge_13
71,OldCityWall_2
70,Fence_32
70,Lamppost_v1 (1)
69,Concrete_fence_v1_s2 (41)
67,Concrete_fence_v1_s2 (36)
67,Tree_Planters_v1_3HR (1)
66,Wall5
66,Fence_39
65,Lamppost_v1 (52)
64,Trash_v1_1
63,Wall8
63,Bench_v1 (6)
63,Hedge_8
62,Bench_v1
62,Garage_72
61,Building_182
61,Lamppost_v1 (4)
61,Building_181
61,Bus_stop_v1
60,Wall7
59,Euro_v7_3_Roof_floor
59,SmallWall_29
58,road_dense_housing.009
58,Fence_8
57,OldCityWall_23
57,Lamppost_v1 (8)
56,SmallWall_3
56,Building_66
56,Cypress_v1_1 (3)
54,Concrete_fence_v1_s2 (38)
54,Concrete_fence_v2_lattice_L
52,Building_95
52,Cliff_5x14_V03_LOD0
51,SmallWall_24
50,pavement_T01.002
50,Lamppost_v1 (179)
50,Concrete_fence_v1_s2 (40)
49,Wall_6
49,Broadleaf_Mobile (3)
49,road.014
49,Lamppost_v1 (72)
48,Lamppost_v1 (10)
47,Wall1
47,Building_65
47,Lamppost_v1 (174)
46,Lamppost_v1 (89)
46,Lamppost_v1 (27)
46,road.015
46,Wall4
44,Lamppost_v1 (76)
43,Lamppost_v1 (24)
43,SmallWall_38
43,Cliff_5x14_V01_LOD0
42,Fence_27
42,Lamppost_v1 (119)
42,Castle-TaskBuilding_56
42,Tree_Planters_v1_3HS
41,Building_193
41,Lamppost_v1 (61)
41,SmallWall_15
41,Fence_11
41,SmallWall_23
41,Fence_44
41,Euro_v6_1_Forged_fence
40,Lamppost_v1 (35)
40,Lamppost_v1 (5)
40,Lamppost_v1 (46)
39,Lamppost_v1 (3)
39,Broadleaf_Mobile (5)
39,Lamppost_v1 (70)
38,Lamppost_v1 (9)
38,Lamppost_v1 (135)
38,Fence2
38,Lamppost_v1 (34)
38,Lamppost_v1 (128)
37,Tree_Planters_v1_1HR (1)
36,Building_179
36,SmallWall_1
36,Lamppost_v1 (124)
35,Lamppost_v1 (130)
35,Fence6
33,Concrete_fence_v1_s2 (39)
33,E_road.001
33,Lamppost_v1 (141)
33,Broadleaf_Mobile (13)
33,Lamppost_v1 (16)
33,Building_69
33,Lamppost_v1 (127)
32,SmallWall_40
32,Concrete_fence_v1_s2 (6)
32,pavement_Vb.004
32,Lamppost_v1 (172)
31,Lamppost_v1 (137)
31,road_green_area.008
31,Fence4
31,Lamppost_v1 (6)
31,SmallWall_41
31,Lamppost_v1 (166)
31,Fence_13
30,prefab_unity_grass_grass_bush_03 (2)
30,SmallWall_32
30,field
30,Lamppost_v1 (175)
30,Lamppost_v1 (11)
30,Concrete_fence_v1_s2 (1)
30,prefab_unity_grass_grass_bush_03 (1)
29,Lamppost_v1 (12)
29,Park_bench_LOD0
28,Lamppost_v1 (71)
27,Lamppost_v1 (15)
27,Concrete_fence_v1_s1 (1)
27,Lamppost_v1 (17)
27,Broadleaf_Mobile (2)
27,SmallWall_45
26,Trash_v2 (1)
26,traffic_light_single_tall
26,Lamppost_v1 (152)
26,OldCityWall_10
25,Lamppost_v1 (147)
25,Lamppost_v1 (23)
25,Fence_42
25,Lamppost_v2 (2)
25,Lamppost_v1 (151)
25,pavement_W_fix.001
25,Lamppost_v1 (95)
25,Lamppost_v1 (136)
24,Lamppost_v1 (123)
24,Signboard_menu_v2 (1)
24,SmallWall_12
24,Concrete_fence_v1_s2 (35)
24,SmallWall_25
24,Lamppost_v1 (39)
24,Lamppost_v1 (111)
24,pavement_Ha.003
23,Lamppost_v1 (42)
23,Lamppost_v1 (139)
23,Tree_Planters_v1_4LS (2)
23,Concrete_fence_v1_s2 (15)
23,Lamppost_v1 (169)
22,SmallWall_27
22,Lamppost_v1 (13)
22,Lamppost_v1 (92)
22,Lamppost_v1 (93)
22,Lamppost_v1 (134)
22,Lamppost_v1 (57)
22,Lamppost_v1 (100)
22,prefab_unity_grass_forest_heather_01 (5)
22,Building_129
21,Lamppost_v1 (148)
21,Lamppost_v1 (167)
21,Fence_36
21,raods_S_fix.008
21,Lamppost_v1 (28)
21,Lamppost_v1 (133)
20,crane_2
20,Lamppost_v1 (94)
20,Lamppost_v2
19,Broadleaf_Mobile (192)
19,Lamppost_v1 (129)
19,Lamppost_v1 (132)
19,Lamppost_v1 (22)
19,Lamppost_v1 (150)
18,Lamppost_v1 (82)
18,Broadleaf_Mobile (8)
18,Lamppost_v1 (99)
18,Lamppost_v1 (48)
18,prefab_unity_grass_grass_bush_03
18,Lamppost_v1 (160)
17,SmallWall_4
17,Lamppost_v1 (19)
17,Concrete_fence_v1_s2 (16)
17,Lamppost_v1 (176)
17,SmallWall_34
17,Lamppost_v3
17,Broadleaf_Mobile
17,Lamppost_v1 (142)
17,Lamppost_v1 (91)
17,Lamppost_v1 (96)
17,Lamppost_v1 (80)
16,prefab_unity_grass_forest_heather_01 (3)
16,prefab_unity_grass_grass_bush_01 (3)
16,Lamppost_v1 (25)
16,raods_S_fix.006
16,Signboard_menu_v2
16,Lamppost_v1 (149)
16,pavement_G.006
16,Lamppost_v1 (125)
16,Broadleaf_Mobile (186)
15,Lamppost_v1 (171)
15,Lamppost_v1 (118)
15,Hedge_10
15,Lamppost_v1 (53)
15,Lamppost_v1 (162)
15,Lamppost_v1 (51)
15,prefab_unity_grass_grass_bush_03 (3)
14,Concrete_fence_v1_s2 (5)
14,Lamppost_v1 (59)
14,Lamppost_v1 (86)
14,Concrete_fence_v2_end (1)
14,Lamppost_v1 (47)
14,Lamppost_v1 (178)
14,Lamppost_v1 (45)
14,Concrete_fence_v1_s2 (4)
14,Tree_Planters_v1_4LS (6)
14,Trash_v2 (2)
14,Concrete_fence_v1_s1 (2)
13,raods_S_fix.009
13,Broadleaf_Mobile (202)
13,Lamppost_v1 (145)
13,Lamppost_v1 (55)
13,Lamppost_v1 (183)
12,Lamppost_v1 (20)
12,road_housing_suburb.004
12,SmallWall_18
12,Broadleaf_Mobile (1)
12,road_dense_housing.011
12,Lamppost_v1 (66)
12,Lamppost_v1 (40)
12,pavement_F.006
12,Lamppost_v1 (144)
11,Tree_Planters_v1_2LS
11,Concrete_fence_v1_s1
11,Lamppost_v1 (81)
11,Lamppost_v1 (63)
11,Lamppost_v1 (60)
10,Lamppost_v1 (58)
10,Lamppost_v1 (101)
10,Lamppost_v1 (88)
10,Lamppost_v1 (56)
10,Lamppost_v1 (170)
10,Lamppost_v1 (62)
10,Cliff_5x14_V04_LOD0
10,Lamppost_v1 (64)
10,Lamppost_v1 (97)
10,Lamppost_v1 (41)
10,Lamppost_v1 (36)
9,Broadleaf_Mobile (54)
9,Lamppost_v1 (116)
9,Lamppost_v1 (138)
9,Trash_v2
9,Lamppost_v1 (87)
9,Lamppost_v1 (37)
9,Fence_14
9,O_road.001
9,Lamppost_v1 (168)
8,Broadleaf_Mobile (10)
8,Tree_Planters_v1_4LS (7)
8,Concrete_fence_v1_s2 (8)
8,prefab_unity_grass_grass_bush_01 (4)
8,Lamppost_v1 (177)
8,Lamppost_v1 (79)
8,Lamppost_v1 (29)
8,Fence0
8,Fence1
8,Broadleaf_Mobile (32)
7,Broadleaf_Mobile (218)
7,Bench_v1 (8)
7,Fence_29
7,Lamppost_v1 (69)
7,Lamppost_v1 (143)
7,Lamppost_v1 (173)
7,Lamppost_v1 (192)
6,Lamppost_v1 (32)
6,Broadleaf_Mobile (4)
6,Lamppost_v1 (159)
6,Lamppost_v1 (156)
6,SmallWall_9
6,prefab_unity_grass_grass_bush_01 (1)
6,Tree_Planters_v1_4LS
6,Broadleaf_Mobile (206)
6,Lamppost_v1 (44)
6,terrain_B.003
6,Lamppost_v1 (184)
6,Lamppost_v1 (193)
6,Lamppost_v1 (112)
6,Concrete_fence_v1_s2 (18)
6,Broadleaf_Mobile (12)
6,road_C.001
6,Lamppost_v1 (140)
5,Lamppost_v1 (182)
5,Concrete_fence_v1_L2
5,Building_186
5,Wall2
5,prefab_unity_grass_forest_heather_01 (1)
5,Lamppost_v1 (196)
5,Broadleaf_Mobile (9)
5,Concrete_fence_v1_s2 (19)
5,road_green_area.006
5,Concrete_fence_v1_s2 (2)
5,Lamppost_v1 (161)
5,Forged_fence_v1
5,Lamppost_v1 (104)
5,Lamppost_v1 (65)
4,Fence_40
4,Lamppost_v1 (154)
4,Gras
4,Lamppost_v1 (153)
4,Lamppost_v1 (103)
4,Lamppost_v1 (33)
4,Concrete_fence_v1_s2 (20)
4,Lamppost_v1 (187)
4,Lamppost_v1 (54)
4,Lamppost_v1 (110)
4,Lamppost_v1 (90)
3,Broadleaf_Mobile (14)
3,Lamppost_v1 (73)
3,Broadleaf_Mobile (180)
3,Lamppost_v1 (194)
3,Lamppost_v1 (195)
3,Lamppost_v1 (75)
3,Lamppost_v1 (67)
3,SmallWall_17
3,pavement_G.008
3,Lamppost_v1 (98)
3,Lamppost_v1 (189)
3,Dumpster_v2_1 (1)
3,prefab_unity_grass_grass_bush_01 (2)
3,Lamppost_v1 (18)
2,Broadleaf_Mobile (49)
2,Broadleaf_Mobile (6)
2,Broadleaf_Mobile (56)
2,Broadleaf_Mobile (55)
2,Trash_v1_1 (2)
2,Broadleaf_Mobile (53)
2,Concrete_fence_v1_s2 (34)
2,Dumpster_v2_2
2,Fence5
2,Broadleaf_Mobile (223)
2,Lamppost_v1 (158)
2,Lamppost_v1 (84)
2,Broadleaf_Mobile (189)
2,Lamppost_v1 (102)
2,Lamppost_v1 (109)
2,Lamppost_v1 (165)
2,Broadleaf_Mobile (62)
2,Broadleaf_Mobile (7)
2,Concrete_fence_v1_s2 (7)
2,Lamppost_v1 (191)
2,Wall3
2,Lamppost_v1 (188)
2,Concrete_fence_v1_s2 (10)
2,Lamppost_v1 (21)
2,raods_S_fix.005
2,Lamppost_v1 (126)
2,road_dense_housing.013
2,Tree_Planters_v1_4LS (4)
2,Lamppost_v1 (181)
2,Building_190
2,Road_block_v1 (1)
2,Lamppost_v1 (83)
1,Lamppost_v2 (1)
1,Concrete_fence_v1_s2
1,Tree_Planters_v1_4LR
1,Lamppost_v1 (114)
1,Lamppost_v1 (115)
1,Lamppost_v1 (49)
1,Lamppost_v1 (146)
1,Lamppost_v1 (117)
1,Lamppost_v1 (77)
